<?xml version="1.0" encoding="UTF-8"?><jobs>
<java><job experience="0" location="ahmedabad" type="full">Looking for java professionals&#13;
with jsp ,java,swings jdbc,xml &#13;
etc.&#13;
</job><job experience="0" location="ahmedabad" type="full">Corejava  advanced  java,jsp&#13;
 ,java,swings jdbc,xml &#13;
etc.&#13;
</job><job experience="0" location="ahmedabad" type="full">&#13;
Corejava  advanced  java,jsp&#13;
 ,java,swings jdbc,xml &#13;
etc.&#13;
</job><job experience="0" location="ahmedabad" type="full">&#13;
Corejava  advanced  java,jsp&#13;
 ,java,swings jdbc,xml &#13;
etc.&#13;
</job><job experience="0" location="ahmedabad" type="full">&#13;
Corejava  advanced  java,jsp&#13;
 ,java,swings jdbc,xml &#13;
etc.&#13;
</job><job experience="0" location="ahmedabad" type="full">&#13;
Corejava  advanced  java,jsp&#13;
 ,java,swings jdbc,xml &#13;
etc.&#13;
</job><job experience="0" location="ahmedabad" type="full">&#13;
Corejava  advanced  java,jsp&#13;
 ,java,swings jdbc,xml &#13;
etc.&#13;
</job><job experience="0" location="ahmedabad" type="full">&#13;
Corejava  advanced  java,jsp&#13;
 ,java,swings jdbc,xml &#13;
etc.&#13;
</job><job experience="0" location="ahmedabad" type="full">&#13;
Corejava  advanced  java,jsp&#13;
 ,java,swings jdbc,xml &#13;
etc.&#13;
</job><job experience="0" location="ahmedabad" type="full">&#13;
Corejava  advanced  java,jsp&#13;
 ,java,swings jdbc,xml &#13;
etc.&#13;
</job><job experience="0" location="ahmedabad" type="full">&#13;
Corejava  advanced  java,jsp&#13;
 ,java,swings jdbc,xml &#13;
etc.&#13;
</job><job experience="0" location="ahmedabad" type="full">&#13;
Corejava  advanced  java,jsp&#13;
 ,java,swings jdbc,xml &#13;
etc.&#13;
</job><job experience="0" location="ahmedabad" type="full">&#13;
Corejava  advanced  java,jsp&#13;
 ,java,swings jdbc,xml &#13;
etc.&#13;
</job><job experience="0" location="ahmedabad" type="full">dfgdfgdfgdf</job><job experience="0" location="ahmedabad" type="full">dsdfsdf</job><job experience="0" location="ahmedabad" type="full">dfgdfg</job><job experience="0" location="ahmedabad" type="full">sdfjlsdkfj</job><job experience="2" location="ahmedabad" type="contract">this is java technologie based </job><job experience="3" location="hyderabad" type="contract">requirement for java with3 yrs of expon contract basis in hyderabad</job><job experience="0" location="hyderabad" type="full">Huge  Requirement for Freshers&#13;
for Satya Technologies </job><job experience="0" location="hyderabad" type="part">development</job><job experience="0" location="hyderabad" type="full">good offertunity utilze</job><job experience="0" location="hyderabad" type="full">programmer</job><job experience="1" location="hyderabad" type="full">programmer</job></java>
<Ms.Net/>
<asp/>
<j2ee/>
<database/>
<testing/>
<hardware/>
<networking/>
<accounts><job experience="3" location="hyderabad" type="full">requires accountants and cashioers at sathya technologies ICWA and CA with 2+years of exp accounts</job></accounts>
<cashier/>
<receptionists/>
<computers><job experience="2" location="bhuhaneswar" type="part">required computer operators for sathya technologies age differcnec 23-30 yrs.</job></computers></jobs>