<?xml version="1.0" encoding="UTF-8"?><resumes><resume><user><mailid>ghkishore9@yahoo.com</mailid><title>ghkishore9@yahoo.com</title><jobcode>sjkdfhskdf</jobcode><fname>harikishore_resume.doc</fname></user><user><mailid>balu@gmail.com</mailid><title>baluResume</title><jobcode>java</jobcode><fname>balu_resume.doc</fname></user><user><mailid>test@test.com</mailid><title>testresume</title><jobcode>testjob</jobcode><fname>balu_resume.doc</fname></user><user><mailid>pratap@p.com</mailid><title>pratap_ resume</title><jobcode>001432</jobcode><fname>jamal_resume.doc</fname></user><user><mailid>venuboyna@gmail.com</mailid><title>fresher</title><jobcode>Not Specified</jobcode><fname>venu_resume.doc</fname></user></resume></resumes>