<?xml version="1.0" encoding="UTF-8"?><users><user><userid>hari</userid><password>samung</password><email>ghkishore9@yahoo.com</email><sex>male</sex><dob>02-07-1983</dob><hintqs>pet</hintqs><hintans>vishnu</hintans><address>kakani road</address><occupation>graduate</occupation><sunsign>gemini</sunsign></user><user><userid>ghkishore9@yahoo.com</userid><password>samsung</password><email>in between@y.com</email><sex>male</sex><dob>02-jan-23</dob><hintqs>food</hintqs><hintans>sdl;f</hintans><address>;dslf</address><occupation>lawyer</occupation><sunsign>sd;f</sunsign></user><user><userid>lnrao</userid><password>sathya</password><email>xyz@wer.com</email><sex>male</sex><dob>3242389</dob><hintqs>place</hintqs><hintans>hyderabad</hintans><address>skdfhkjsd</address><occupation>engineer</occupation><sunsign>sldfjsl</sunsign></user><user><userid>srinivas</userid><password>srinivas</password><email>srinivas@yahoo.com</email><sex>male</sex><dob>20-10-78</dob><hintqs>pet</hintqs><hintans>nekkanti</hintans><address>ammerpet</address><occupation>graduate</occupation><sunsign>taurus</sunsign></user><user><userid>harikishore</userid><password>samsung</password><email>ghkishore9@yahoo.com</email><sex>male</sex><dob>324239</dob><hintqs>food</hintqs><hintans>puri</hintans><address>sldjfl</address><occupation>graduate</occupation><sunsign>sdlflk</sunsign></user><user><userid>anvithalaya</userid><password>ibm</password><email>ibm@websphere.com</email><sex>female</sex><dob>2394-</dob><hintqs>pet</hintqs><hintans>ammu</hintans><address>vjw</address><occupation>graduate</occupation><sunsign>3453</sunsign></user><user><userid>balu</userid><password>balu</password><email>balu@gmail.com</email><sex>male</sex><dob>04-12-1983</dob><hintqs>place</hintqs><hintans>wgl</hintans><address>HNK</address><occupation>engineer</occupation><sunsign>leo</sunsign></user><user><userid>kumar</userid><password>kumar</password><email>kumar@yahoomail.com</email><sex>male</sex><dob>04-jan-84</dob><hintqs>food</hintqs><hintans>panipuri</hintans><address>Ameerpet,&#13;
hYDERABAD</address><occupation>lecturer</occupation><sunsign>capricon</sunsign></user><user><userid>jamal</userid><password>jamal</password><email>jamalj@j.com</email><sex>male</sex><dob>09/11/1985</dob><hintqs>food</hintqs><hintans>rice</hintans><address>jamal,erraguda,Hyderbad</address><occupation>engineer</occupation><sunsign>scorpio</sunsign></user><user><userid>venu</userid><password>venu</password><email>venu@gmail.com</email><sex>male</sex><dob>08-jan-84</dob><hintqs>place</hintqs><hintans>hyd</hintans><address>hyd</address><occupation>engineer</occupation><sunsign>zudic</sunsign></user></users>