<?xml version="1.0" encoding="UTF-8"?><yellowpages>
	<chennai><page address="Tnagar" company="Infotech" email="info@infotech.com" phoneno="42009146" website="www.infotech.com">g</page><page address="tidel" company="tidel" email="tidel" phoneno="tidel" website="tidel">tidel</page><page address="tidel" company="tidel" email="tidel" phoneno="tidel" website="tidel">tidel</page><page address="tidel" company="tidel" email="tidel" phoneno="tidel" website="tidel">tidel</page><page address="taramani chennai" company="wipro" email="careers@wirpo.com" phoneno="094234093" website="http://careers.wipro.com">skdfjls wipro &#13;
the it out sourcign solutions&#13;
</page><page address="slkdfjsl" company="chennai" email="lksdjlf" phoneno="lsdjfls" website="ljlsdfjl">llsdkfjlsd</page><page address="sdfdsf" company="sdf" email="sdfsd" phoneno="sdfsd" website="fsdfsdf">fsdf</page><page address="sdfsdf" company="chennia" email="dfsdf" phoneno="sdfs" website="">sdfsdf</page><page address="mexico city&#10;south america&#10;in dskljfds&#10;fdkdsfkj" company="head first Orelly" email="ghkishore9@yahoo.com" phoneno="00178756463" website="http://www.yahooca">preview theatre cinema stars and actors</page></chennai>
	<mumbai/>
	<delhi/>
	<hyderabad><page address="Road No 3,UBI colony,&#13;&#10;Panjagutta,Hyd." company="Basanisoft" email="info@basanisoft.com" phoneno="42009146" website="www.basanisoft.com">MD   Vijay Basani</page></hyderabad>
	<bangalore/>
<ahmedabad><page address="taramni chennai" company="wipro  technologies" email="ksjhfkjs" phoneno="298437942" website="http://www.careets.com">lkfjsdl</page></ahmedabad><macromedia><page address="taramni chennai" company="wipro  technologies" email="ksjhfkjs" phoneno="298437942" website="http://www.careets.com">lkfjsdl</page></macromedia></yellowpages>